{
  "test_accuracies": [
    0.8170000314712524
  ],
  "train_accuracies": [
    0.1428571492433548,
    0.30714285373687744,
    0.7714285850524902,
    0.9142857193946838,
    0.9214285612106323,
    0.9428571462631226,
    0.9357143044471741,
    0.949999988079071,
    0.949999988079071,
    0.9571428894996643,
    0.9714285731315613,
    0.9785714149475098,
    0.9714285731315613,
    0.9785714149475098,
    0.9928571581840515,
    0.9928571581840515,
    0.985714316368103,
    1.0,
    1.0,
    1.0,
    1.0,
    1.0,
    1.0,
    1.0,
    1.0,
    0.9928571581840515,
    1.0,
    1.0,
    1.0,
    1.0,
    1.0,
    0.9928571581840515,
    1.0,
    1.0,
    1.0,
    1.0,
    1.0,
    1.0,
    1.0,
    1.0,
    1.0,
    1.0,
    1.0,
    1.0,
    1.0,
    1.0,
    1.0,
    1.0,
    1.0,
    1.0,
    1.0,
    1.0,
    1.0,
    1.0,
    1.0,
    1.0,
    1.0,
    1.0,
    1.0,
    1.0,
    1.0,
    1.0,
    1.0,
    1.0,
    1.0,
    1.0,
    1.0,
    1.0,
    1.0,
    1.0,
    1.0,
    1.0,
    1.0,
    1.0,
    1.0,
    1.0,
    1.0,
    1.0,
    1.0,
    1.0,
    1.0,
    1.0,
    1.0,
    1.0,
    1.0,
    1.0,
    1.0,
    1.0,
    1.0,
    1.0,
    1.0,
    1.0,
    1.0,
    1.0,
    1.0,
    1.0,
    1.0,
    1.0,
    1.0,
    1.0,
    1.0,
    1.0,
    1.0,
    1.0,
    1.0,
    1.0,
    1.0,
    1.0,
    1.0,
    1.0,
    1.0,
    1.0,
    1.0,
    1.0,
    1.0,
    1.0,
    1.0,
    1.0,
    1.0,
    1.0,
    1.0,
    1.0,
    1.0,
    1.0,
    1.0,
    1.0,
    1.0,
    1.0,
    1.0,
    1.0,
    1.0,
    1.0,
    1.0,
    1.0,
    1.0,
    1.0,
    1.0,
    1.0,
    1.0,
    1.0,
    1.0,
    1.0,
    1.0,
    1.0,
    1.0,
    1.0,
    1.0,
    1.0,
    1.0,
    1.0,
    1.0,
    1.0,
    1.0,
    1.0,
    1.0,
    1.0,
    1.0,
    1.0,
    1.0,
    1.0,
    1.0,
    1.0,
    1.0,
    1.0,
    1.0,
    1.0,
    1.0,
    1.0,
    1.0,
    1.0,
    1.0,
    1.0,
    1.0,
    1.0,
    1.0,
    1.0,
    1.0,
    1.0,
    1.0,
    1.0,
    1.0,
    1.0,
    1.0,
    1.0,
    1.0,
    1.0,
    1.0,
    1.0,
    1.0,
    1.0,
    1.0,
    1.0,
    1.0,
    1.0,
    1.0,
    1.0,
    1.0,
    1.0,
    1.0,
    1.0
  ],
  "train_losses": [
    1.9562273025512695,
    1.873769760131836,
    1.753041386604309,
    1.6045252084732056,
    1.432759165763855,
    1.2479640245437622,
    1.0562500953674316,
    0.8995137810707092,
    0.7265427112579346,
    0.5746773481369019,
    0.45019230246543884,
    0.3491784930229187,
    0.2785780727863312,
    0.23357193171977997,
    0.17873942852020264,
    0.13934142887592316,
    0.11622104793787003,
    0.08433841913938522,
    0.07560404390096664,
    0.058707501739263535,
    0.050304800271987915,
    0.04239179566502571,
    0.03740617632865906,
    0.030078837648034096,
    0.032780952751636505,
    0.0270199216902256,
    0.02576811984181404,
    0.022161316126585007,
    0.01845947653055191,
    0.016227025538682938,
    0.015730682760477066,
    0.021730193868279457,
    0.01398828998208046,
    0.01494964212179184,
    0.011273554526269436,
    0.012634371407330036,
    0.013210304081439972,
    0.013656679540872574,
    0.018971849232912064,
    0.012116207741200924,
    0.011913235299289227,
    0.013742546550929546,
    0.01372132170945406,
    0.012370114214718342,
    0.015767397359013557,
    0.013640937395393848,
    0.017009984701871872,
    0.021261226385831833,
    0.017314046621322632,
    0.02012770250439644,
    0.02169768698513508,
    0.02089816890656948,
    0.026805482804775238,
    0.023568658158183098,
    0.02179371938109398,
    0.023787805810570717,
    0.021103832870721817,
    0.021980872377753258,
    0.02199471928179264,
    0.0226245429366827,
    0.021049320697784424,
    0.02361278422176838,
    0.021556446328759193,
    0.02572627179324627,
    0.02775595337152481,
    0.021902818232774734,
    0.028063267469406128,
    0.020517447963356972,
    0.02487543225288391,
    0.023542704060673714,
    0.022913387045264244,
    0.0290021151304245,
    0.02972230315208435,
    0.02394617348909378,
    0.022920534014701843,
    0.02557084523141384,
    0.032271817326545715,
    0.021157775074243546,
    0.026626791805028915,
    0.022481165826320648,
    0.021690046414732933,
    0.025570979341864586,
    0.020397774875164032,
    0.017973871901631355,
    0.022061331197619438,
    0.025347983464598656,
    0.01753324083983898,
    0.021409401670098305,
    0.02033991925418377,
    0.018352853134274483,
    0.01937486231327057,
    0.018886873498558998,
    0.019980041310191154,
    0.016195625066757202,
    0.017099862918257713,
    0.02042258530855179,
    0.019814958795905113,
    0.018636897206306458,
    0.020012807101011276,
    0.01809866540133953,
    0.01968463510274887,
    0.018101975321769714,
    0.021161191165447235,
    0.01678748056292534,
    0.019595012068748474,
    0.01881686970591545,
    0.016185659915208817,
    0.019700616598129272,
    0.020460527390241623,
    0.01887698844075203,
    0.017379334196448326,
    0.015679318457841873,
    0.016372594982385635,
    0.018459502607584,
    0.016618428751826286,
    0.01821097917854786,
    0.02127154730260372,
    0.018539074808359146,
    0.01965123787522316,
    0.015518808737397194,
    0.016658486798405647,
    0.01949896663427353,
    0.01786242611706257,
    0.015331060625612736,
    0.015451342798769474,
    0.01697538048028946,
    0.015750905498862267,
    0.018959268927574158,
    0.01561837736517191,
    0.015111834742128849,
    0.015075617469847202,
    0.016649847850203514,
    0.016337644308805466,
    0.01801294833421707,
    0.014982934109866619,
    0.018255453556776047,
    0.01815163902938366,
    0.017454486340284348,
    0.017391715198755264,
    0.014611778780817986,
    0.013509363867342472,
    0.017752481624484062,
    0.015503342263400555,
    0.016808180138468742,
    0.015399822033941746,
    0.015394513495266438,
    0.015724508091807365,
    0.01802624762058258,
    0.012758259661495686,
    0.014092734083533287,
    0.0180814191699028,
    0.013495126739144325,
    0.014143416658043861,
    0.015769153833389282,
    0.016448428854346275,
    0.014841391704976559,
    0.01490053255110979,
    0.013886025175452232,
    0.01392508763819933,
    0.014735191129148006,
    0.014713764190673828,
    0.013420249335467815,
    0.01316347811371088,
    0.01692393608391285,
    0.012449640780687332,
    0.02121664211153984,
    0.013750809244811535,
    0.013882960192859173,
    0.015408049337565899,
    0.016763955354690552,
    0.017221495509147644,
    0.014384596608579159,
    0.015126910991966724,
    0.014079160988330841,
    0.013013753108680248,
    0.017015831544995308,
    0.015128995291888714,
    0.014071737416088581,
    0.014149919152259827,
    0.016653072088956833,
    0.016742238774895668,
    0.01727660745382309,
    0.01396267581731081,
    0.0155261205509305,
    0.014344815164804459,
    0.016385361552238464,
    0.012030458077788353,
    0.015606800094246864,
    0.014764976687729359,
    0.015320313163101673,
    0.013389348052442074,
    0.014099146239459515,
    0.016971193253993988,
    0.017439795657992363,
    0.015717191621661186,
    0.017210643738508224,
    0.014501195400953293,
    0.012730548158288002,
    0.012665622867643833,
    0.012673120945692062
  ],