{
  "test_accuracies": [
    0.9
  ],
  "train_accuracies": [
    0.6333333333333333,
    0.7666666666666667,
    0.78,
    0.8666666666666667,
    0.8466666666666667,
    0.8933333333333333,
    0.8466666666666667,
    0.8533333333333334,
    0.88,
    0.9,
    0.9,
    0.9066666666666666,
    0.8933333333333333,
    0.9066666666666666,
    0.94,
    0.9,
    0.92,
    0.9466666666666667,
    0.92,
    0.9,
    0.9266666666666666,
    0.9333333333333333,
    0.9333333333333333,
    0.9333333333333333,
    0.94,
    0.9266666666666666,
    0.9466666666666667,
    0.9133333333333333,
    0.9066666666666666,
    0.9066666666666666,
    0.9266666666666666,
    0.9533333333333334,
    0.9533333333333334,
    0.9466666666666667,
    0.9333333333333333,
    0.96,
    0.9533333333333334,
    0.9666666666666667,
    0.9666666666666667,
    0.9666666666666667,
    0.9666666666666667,
    0.96,
    0.96,
    0.9466666666666667,
    0.9666666666666667,
    0.96,
    0.9533333333333334,
    0.92,
    0.9333333333333333,
    0.9466666666666667,
    0.9733333333333334,
    0.9266666666666666,
    0.9533333333333334,
    0.9733333333333334,
    0.9733333333333334,
    0.96,
    0.9666666666666667,
    0.9666666666666667,
    0.96,
    0.96,
    0.94,
    0.9733333333333334,
    0.98,
    0.98,
    0.9733333333333334,
    0.98,
    0.98,
    0.9733333333333334,
    0.9666666666666667,
    0.9866666666666667,
    0.98,
    0.9733333333333334,
    0.98,
    0.9666666666666667,
    0.9666666666666667,
    0.9666666666666667,
    0.9666666666666667,
    0.9733333333333334,
    0.9533333333333334,
    0.96,
    0.9866666666666667,
    0.9666666666666667,
    0.9666666666666667,
    0.9933333333333333,
    0.9533333333333334,
    0.98,
    0.9466666666666667,
    0.9866666666666667,
    0.9733333333333334,
    0.9866666666666667,
    1.0,
    0.98,
    0.9733333333333334,
    0.9933333333333333,
    0.98,
    0.9733333333333334,
    0.9866666666666667,
    0.9933333333333333,
    0.98,
    0.9933333333333333
  ],
  "train_losses": [
    1.1590709964434305,
    0.4930080791314443,
    0.48208260218302407,
    0.30310473283131917,
    0.33652045865853625,
    0.2767015618085861,
    0.30849778751532236,
    0.29786860942840576,
    0.26587766110897065,
    0.2468785516421,
    0.22009944438934326,
    0.23629905621210734,
    0.26416125655174255,
    0.2054766305287679,
    0.20303515762090682,
    0.21340150197347005,
    0.23348954488833745,
    0.158647101521492,
    0.17265903969605764,
    0.22154215772946675,
    0.1765031506617864,
    0.14409397065639495,
    0.19480301678180695,
    0.18297970155874888,
    0.16295742988586426,
    0.19958617130915324,
    0.14353002538283666,
    0.2224190839131673,
    0.18623783965905508,
    0.18278226107358933,
    0.161310413479805,
    0.13925659586985906,
    0.10436263928810756,
    0.1434737315773964,
    0.13214896082878114,
    0.1085758900642395,
    0.1136211496591568,
    0.10867367337147395,
    0.08691461690391103,
    0.08605718890825907,
    0.08916536778211594,
    0.1292979653676351,
    0.09749492342273394,
    0.11570947483181954,
    0.10281326552232106,
    0.1372969001531601,
    0.12537666817506155,
    0.1699030339717865,
    0.12161564568678539,
    0.11831697444121043,
    0.07469073543945948,
    0.1623015828927358,
    0.09557384530703227,
    0.06861803432305653,
    0.1022704044977824,
    0.07172241335113844,
    0.10723058044910432,
    0.08829193343718847,
    0.13101582432786624,
    0.1092434936761856,
    0.1411707470814387,
    0.09330193216602008,
    0.09681482513745626,
    0.07354415545860926,
    0.07650455236434936,
    0.07870075332621733,
    0.0795515118042628,
    0.08086524847894908,
    0.06438064187765122,
    0.053530505249897636,
    0.0724338531990846,
    0.058360555768013,
    0.07833197931448618,
    0.08346212764581044,
    0.07239839828262727,
    0.08164534291873375,
    0.07862211565176645,
    0.057532890401780605,
    0.09184265752633412,
    0.08873841385046641,
    0.04945779820283254,
    0.07890013679862022,
    0.09237355609734853,
    0.03331683337688446,
    0.11539538323879242,
    0.056249287525812784,
    0.13099577148755392,
    0.04256384253501892,
    0.04395805680503448,
    0.04912726514041424,
    0.033849173908432326,
    0.07378319904208183,
    0.08040882344047229,
    0.031559483607610066,
    0.043780095279216766,
    0.06972088346878688,
    0.062305902441342674,
    0.04553069387873014,
    0.045488018492857614,
    0.035015227049589155
  ],
  "validation_accuracies": [
    0.5,
    0.5,
    0.5,
    0.5,
    0.6666666666666666,
    0.7777777777777778,
    0.7777777777777778,
    0.8333333333333334,
    0.8333333333333334,
    0.8888888888888888,
    0.8888888888888888,
    0.8888888888888888,
    0.8888888888888888,
    0.8888888888888888,
    0.8888888888888888,
    0.8888888888888888,
    0.8888888888888888,
    0.8888888888888888,
    0.8888888888888888,
    0.8888888888888888,
    0.8888888888888888,
    0.8888888888888888,
    0.8888888888888888,
    0.8888888888888888,
    0.8888888888888888,
    0.8888888888888888,
    0.7777777777777778,
    0.8888888888888888,
    0.8888888888888888,
    0.8888888888888888,
    0.8888888888888888,
    0.8888888888888888,
    0.8888888888888888,
    0.8888888888888888,
    0.8888888888888888,
    0.8888888888888888,
    0.8888888888888888,
    0.8888888888888888,
    0.8888888888888888,
    0.8333333333333334,
    0.7222222222222222,
    0.8888888888888888,
    0.8888888888888888,
    0.8333333333333334,
    0.8333333333333334,
    0.8333333333333334,
    0.7777777777777778,
    0.7777777777777778,
    0.8333333333333334,
    0.8333333333333334,
    0.8333333333333334,
    0.7777777777777778,
    0.7777777777777778,
    0.8333333333333334,
    0.8333333333333334,
    0.7222222222222222,
    0.7777777777777778,
    0.8888888888888888,
    0.7777777777777778,
    0.7777777777777778,
    0.8888888888888888,
    0.8333333333333334,
    0.7777777777777778,
    0.7222222222222222,
    0.7777777777777778,
    0.7777777777777778,
    0.7777777777777778,
    0.8333333333333334,
    0.8888888888888888,
    0.8888888888888888,
    0.8888888888888888,
    0.8333333333333334,
    0.7777777777777778,
    0.8333333333333334,
    0.8888888888888888,
    0.8333333333333334,
    0.8333333333333334,
    0.8888888888888888,
    0.8333333333333334,
    0.7777777777777778,
    0.8333333333333334,
    0.8888888888888888,
    0.7222222222222222,
    0.7222222222222222,
    0.8333333333333334,
    0.7222222222222222,
    0.7222222222222222,
    0.7222222222222222,
    0.8333333333333334,
    0.8333333333333334,
    0.8333333333333334,
    0.8333333333333334,
    0.8333333333333334,
    0.8333333333333334,
    0.8333333333333334,
    0.8333333333333334,
    0.8333333333333334,
    0.8333333333333334,
    0.8333333333333334,
    0.8333333333333334
  ]
}