{
  "test_accuracies": [
    0.8888888955116272
  ],
  "train_accuracies": [
    0.2321428656578064,
    0.4642857313156128,
    0.6160714626312256,
    0.7500000596046448,
    0.785714328289032,
    0.8928571939468384,
    0.8839285969734192,
    0.8928571939468384,
    0.9553571939468384,
    0.9464285969734192,
    0.9464285969734192,
    0.9821429252624512,
    0.9821429252624512,
    0.9910714626312256,
    0.9821429252624512,
    0.9910714626312256,
    1.0,
    0.9821429252624512,
    0.973214328289032,
    0.9821429252624512,
    1.0,
    0.9910714626312256,
    0.9910714626312256,
    1.0,
    1.0,
    1.0,
    0.9910714626312256,
    1.0,
    1.0,
    1.0,
    0.9910714626312256,
    0.9910714626312256,
    1.0,
    1.0,
    1.0,
    1.0,
    1.0,
    1.0,
    0.9910714626312256,
    1.0,
    1.0,
    1.0,
    1.0,
    1.0,
    1.0,
    1.0,
    0.9910714626312256,
    0.9910714626312256,
    1.0,
    1.0,
    1.0,
    1.0,
    1.0,
    0.9910714626312256,
    1.0,
    1.0,
    1.0,
    1.0,
    1.0,
    1.0,
    1.0,
    1.0,
    1.0,
    1.0,
    1.0,
    1.0,
    0.9910714626312256,
    0.9910714626312256,
    1.0,
    1.0,
    1.0,
    0.9910714626312256,
    1.0,
    0.9910714626312256,
    1.0,
    1.0,
    1.0,
    1.0,
    1.0,
    1.0,
    1.0,
    1.0,
    1.0,
    1.0,
    1.0,
    1.0,
    0.9910714626312256,
    1.0,
    1.0,
    1.0,
    1.0,
    1.0,
    1.0,
    0.9910714626312256,
    1.0,
    1.0,
    1.0,
    1.0,
    1.0,
    1.0
  ],
  "train_losses": [
    6.5625152587890625,
    2.7900583744049072,
    1.7572448253631592,
    1.0904431343078613,
    0.9119071364402771,
    0.27013951539993286,
    0.31496402621269226,
    0.2598336637020111,
    0.14035125076770782,
    0.13615682721138,
    0.08631080389022827,
    0.06049995496869087,
    0.04689899832010269,
    0.045803193002939224,
    0.0780787318944931,
    0.027666103094816208,
    0.017359469085931778,
    0.03616299107670784,
    0.10678309202194214,
    0.06589483469724655,
    0.0258703101426363,
    0.01687358319759369,
    0.02904340997338295,
    0.006778745446354151,
    0.02368244156241417,
    0.00875490065664053,
    0.029529931023716927,
    0.01011957973241806,
    0.007663739379495382,
    0.013718487694859505,
    0.04533672332763672,
    0.011354463174939156,
    0.002920029917731881,
    0.005691472440958023,
    0.0060448977164924145,
    0.01407297607511282,
    0.0021175621077418327,
    0.0028305533342063427,
    0.032373685389757156,
    0.003072706749662757,
    0.010482397861778736,
    0.007278490345925093,
    0.001796372584067285,
    0.0017468809382990003,
    0.0019014833960682154,
    0.006722221616655588,
    0.031276240944862366,
    0.010726301930844784,
    0.00744647067040205,
    0.003733681747689843,
    0.003584744641557336,
    0.006251729559153318,
    0.0014147183392196894,
    0.010592011734843254,
    0.0022438042797148228,
    0.0008609998621977866,
    0.0021039897110313177,
    0.001425128080882132,
    0.0013770582154393196,
    0.0017505844589322805,
    0.005198058672249317,
    0.002283455803990364,
    0.012734109535813332,
    0.0009363251156173646,
    0.0032244748435914516,
    0.0012276351917535067,
    0.012020200490951538,
    0.009115604683756828,
    0.004022976849228144,
    0.0016547248233109713,
    0.004090082831680775,
    0.010729149915277958,
    0.006128604058176279,
    0.010062108747661114,
    0.0013866981025785208,
    0.0029964172281324863,
    0.0033519179560244083,
    0.006927974987775087,
    0.002417073817923665,
    0.004024734254926443,
    0.0048880563117563725,
    0.004509848542511463,
    0.0032445117831230164,
    0.003291704459115863,
    0.0014896419597789645,
    0.0024685636162757874,
    0.009779328480362892,
    0.005973277147859335,
    0.004987340420484543,
    0.003103699767962098,
    0.0042255716398358345,
    0.002164237666875124,
    0.0038277111016213894,
    0.03274194523692131,
    0.0022485244553536177,
    0.004935634322464466,
    0.007158937864005566,
    0.0022508164402097464,
    0.00368434377014637,
    0.002118827309459448
  ],
  "validation_accuracies": [
    0.3214285969734192,
    0.4285714626312256,
    0.4285714626312256,
    0.5,
    0.5714285969734192,
    0.6428571939468384,
    0.7142857313156128,
    0.7142857313156128,
    0.7500000596046448,
    0.7500000596046448,
    0.8214285969734192,
    0.8214285969734192,
    0.8214285969734192,
    0.8214285969734192,
    0.8214285969734192,
    0.8214285969734192,
    0.8214285969734192,
    0.8214285969734192,
    0.8214285969734192,
    0.8214285969734192,
    0.8571429252624512,
    0.8571429252624512,
    0.8571429252624512,
    0.8571429252624512,
    0.8571429252624512,
    0.8571429252624512,
    0.8571429252624512,
    0.8571429252624512,
    0.8571429252624512,
    0.8571429252624512,
    0.8571429252624512,
    0.8571429252624512,
    0.8571429252624512,
    0.8571429252624512,
    0.8571429252624512,
    0.8571429252624512,
    0.8571429252624512,
    0.8571429252624512,
    0.8571429252624512,
    0.8571429252624512,
    0.8571429252624512,
    0.8571429252624512,
    0.8571429252624512,
    0.8571429252624512,
    0.8571429252624512,
    0.8571429252624512,
    0.8571429252624512,
    0.8571429252624512,
    0.8571429252624512,
    0.8571429252624512,
    0.8571429252624512,
    0.8571429252624512,
    0.8571429252624512,
    0.8571429252624512,
    0.8571429252624512,
    0.8571429252624512,
    0.8571429252624512,
    0.8571429252624512,
    0.8571429252624512,
    0.8571429252624512,
    0.8571429252624512,
    0.8571429252624512,
    0.8571429252624512,
    0.8571429252624512,
    0.8571429252624512,
    0.8571429252624512,
    0.8571429252624512,
    0.8571429252624512,
    0.8571429252624512,
    0.8571429252624512,
    0.8571429252624512,
    0.8571429252624512,
    0.8571429252624512,
    0.8571429252624512,
    0.8571429252624512,
    0.8571429252624512,
    0.8571429252624512,
    0.8571429252624512,
    0.8571429252624512,
    0.8571429252624512,
    0.8571429252624512,
    0.8571429252624512,
    0.8571429252624512,
    0.8571429252624512,
    0.8571429252624512,
    0.8571429252624512,
    0.8571429252624512,
    0.8571429252624512,
    0.8571429252624512,
    0.8571429252624512,
    0.8571429252624512,
    0.8571429252624512,
    0.8571429252624512,
    0.8571429252624512,
    0.8571429252624512,
    0.8571429252624512,
    0.8571429252624512,
    0.8571429252624512,
    0.8928571939468384,
    0.8928571939468384
  ]
}