{
  "test_accuracies": [
    0.7950000166893005
  ],
  "train_accuracies": [
    0.12857143580913544,
    0.3642857074737549,
    0.6285714507102966,
    0.699999988079071,
    0.7571428418159485,
    0.7714285850524902,
    0.8571428656578064,
    0.8928571343421936,
    0.9142857193946838,
    0.9357143044471741,
    0.949999988079071,
    0.9642857313156128,
    0.949999988079071,
    0.9714285731315613,
    0.9714285731315613,
    0.9928571581840515,
    0.985714316368103,
    1.0,
    0.9928571581840515,
    0.9928571581840515,
    1.0,
    0.9928571581840515,
    0.9928571581840515,
    0.985714316368103,
    0.9928571581840515,
    0.985714316368103,
    1.0,
    1.0,
    0.985714316368103,
    1.0,
    0.985714316368103,
    1.0,
    0.9928571581840515,
    1.0,
    1.0,
    1.0,
    0.9928571581840515,
    1.0,
    1.0,
    0.9928571581840515,
    0.9714285731315613,
    0.9928571581840515,
    1.0,
    0.9928571581840515,
    1.0,
    1.0,
    1.0,
    1.0,
    1.0,
    0.9928571581840515,
    1.0,
    1.0,
    1.0,
    1.0,
    1.0,
    1.0,
    0.9928571581840515,
    1.0,
    1.0,
    0.9928571581840515,
    1.0,
    0.9928571581840515,
    0.9928571581840515,
    1.0,
    0.985714316368103,
    1.0,
    1.0,
    0.9928571581840515,
    0.9928571581840515,
    0.9928571581840515,
    0.9928571581840515,
    1.0,
    1.0,
    0.9928571581840515,
    1.0,
    1.0,
    1.0,
    1.0,
    1.0,
    1.0,
    1.0,
    0.9928571581840515,
    0.9928571581840515,
    1.0,
    1.0,
    0.9928571581840515,
    1.0,
    1.0,
    1.0,
    1.0,
    1.0,
    1.0,
    0.985714316368103,
    0.9928571581840515,
    1.0,
    1.0,
    0.9928571581840515,
    1.0,
    0.985714316368103,
    1.0,
    1.0,
    1.0,
    0.9928571581840515,
    0.9928571581840515,
    1.0,
    1.0,
    1.0,
    1.0,
    0.9928571581840515,
    1.0,
    1.0,
    1.0,
    0.9928571581840515,
    0.9928571581840515,
    1.0,
    1.0,
    1.0,
    0.9928571581840515,
    1.0,
    1.0,
    1.0,
    0.9928571581840515,
    0.9928571581840515,
    0.9928571581840515,
    1.0,
    1.0,
    0.9928571581840515,
    1.0,
    1.0,
    1.0,
    1.0,
    1.0,
    1.0,
    1.0,
    1.0,
    1.0,
    1.0,
    0.9928571581840515,
    1.0,
    0.985714316368103,
    1.0,
    1.0,
    0.9928571581840515,
    0.9928571581840515,
    0.9785714149475098,
    1.0,
    1.0,
    1.0,
    1.0,
    1.0,
    1.0,
    0.9928571581840515,
    1.0,
    1.0,
    1.0,
    1.0,
    1.0,
    1.0,
    0.9928571581840515,
    1.0,
    1.0,
    0.9928571581840515,
    1.0,
    0.9928571581840515,
    1.0,
    0.9928571581840515,
    1.0,
    1.0,
    0.9928571581840515,
    1.0,
    1.0,
    1.0,
    0.9928571581840515,
    1.0,
    1.0,
    1.0,
    0.9928571581840515,
    1.0,
    1.0,
    1.0,
    1.0,
    0.9928571581840515,
    0.9928571581840515,
    1.0,
    1.0,
    1.0,
    1.0,
    1.0,
    0.9928571581840515,
    0.9928571581840515,
    1.0,
    1.0,
    0.985714316368103,
    0.9928571581840515,
    1.0,
    1.0,
    0.9928571581840515,
    1.0,
    1.0,
    0.9928571581840515
  ],
  "train_losses": [
    1.9623925685882568,
    1.8214956521987915,
    1.6245934963226318,
    1.3891279697418213,
    1.163516640663147,
    1.0467886924743652,
    0.8213544487953186,
    0.6537294983863831,
    0.5312728881835938,
    0.4373982548713684,
    0.38679221272468567,
    0.29987573623657227,
    0.2259407937526703,
    0.185404971241951,
    0.17556676268577576,
    0.13195361196994781,
    0.1130789965391159,
    0.08758629113435745,
    0.07471021264791489,
    0.07986678183078766,
    0.04867921769618988,
    0.06391546130180359,
    0.04657557234168053,
    0.03579014912247658,
    0.04977738484740257,
    0.057194728404283524,
    0.01743135415017605,
    0.03221254423260689,
    0.04159059748053551,
    0.01637803576886654,
    0.04891311004757881,
    0.023742349818348885,
    0.03826500475406647,
    0.030009664595127106,
    0.03345230966806412,
    0.023971788585186005,
    0.024327652528882027,
    0.014337264001369476,
    0.017352338880300522,
    0.024436987936496735,
    0.05389152094721794,
    0.028374530375003815,
    0.01693246141076088,
    0.03165194019675255,
    0.015442798845469952,
    0.021268323063850403,
    0.009416251443326473,
    0.010106183588504791,
    0.01889299973845482,
    0.031002109870314598,
    0.011866132728755474,
    0.018635962158441544,
    0.019271738827228546,
    0.006436335388571024,
    0.017021462321281433,
    0.013421505689620972,
    0.026075776666402817,
    0.009812450967729092,
    0.022135423496365547,
    0.028898071497678757,
    0.013458306901156902,
    0.0270558949559927,
    0.020926637575030327,
    0.019338293001055717,
    0.024542689323425293,
    0.021018607541918755,
    0.013032251037657261,
    0.0303904190659523,
    0.026879817247390747,
    0.026265444234013557,
    0.024360643699765205,
    0.018969779834151268,
    0.02281935140490532,
    0.02611517161130905,
    0.021862834692001343,
    0.012068530544638634,
    0.011391332373023033,
    0.019437570124864578,
    0.024212591350078583,
    0.017087433487176895,
    0.017924418672919273,
    0.02400638349354267,
    0.03616258129477501,
    0.012001418508589268,
    0.010403252206742764,
    0.027863163501024246,
    0.020166756585240364,
    0.017952021211385727,
    0.01319858618080616,
    0.01219186745584011,
    0.028265517204999924,
    0.016068320721387863,
    0.03028016723692417,
    0.031993817538022995,
    0.01648361049592495,
    0.019272083416581154,
    0.025888826698064804,
    0.017486905679106712,
    0.041399940848350525,
    0.01768319495022297,
    0.027757233008742332,
    0.01474019605666399,
    0.03287721797823906,
    0.02369110845029354,
    0.02094455622136593,
    0.02279975824058056,
    0.01583448424935341,
    0.014477643184363842,
    0.03847794607281685,
    0.02087230049073696,
    0.017473820596933365,
    0.012656457722187042,
    0.027329398319125175,
    0.027120143175125122,
    0.024227997288107872,
    0.020600100979208946,
    0.01456360798329115,
    0.023270657286047935,
    0.0183161161839962,
    0.021184410899877548,
    0.02075095847249031,
    0.01907387375831604,
    0.02846631407737732,
    0.021474316716194153,
    0.012744907289743423,
    0.030285276472568512,
    0.026077650487422943,
    0.013337784446775913,
    0.014837479218840599,
    0.02010118030011654,
    0.01422138512134552,
    0.02172939106822014,
    0.02185976319015026,
    0.0214239414781332,
    0.023630009964108467,
    0.010728512890636921,
    0.008344256319105625,
    0.02131497487425804,
    0.010082188993692398,
    0.023592356592416763,
    0.011265059933066368,
    0.019156575202941895,
    0.024463793262839317,
    0.025521406903862953,
    0.04963487386703491,
    0.014566455967724323,
    0.012142397463321686,
    0.01841086335480213,
    0.015264313668012619,
    0.015179784037172794,
    0.027268297970294952,
    0.02644883655011654,
    0.008903211914002895,
    0.013126729987561703,
    0.010672459378838539,
    0.017414655536413193,
    0.009453142993152142,
    0.009361162781715393,
    0.027838433161377907,
    0.010298008099198341,
    0.01734854467213154,
    0.02794034220278263,
    0.018270336091518402,
    0.02537507750093937,
    0.009257087484002113,
    0.027357686311006546,
    0.011081346310675144,
    0.011278800666332245,
    0.018938003107905388,
    0.010197808966040611,
    0.0069399732165038586,
    0.018047483637928963,
    0.03174573555588722,
    0.019241025671362877,
    0.01488306000828743,
    0.015294124372303486,
    0.02590453438460827,
    0.010551626794040203,
    0.018279263749718666,
    0.02025110088288784,
    0.011897689662873745,
    0.01672055572271347,
    0.018828134983778,
    0.023076256737113,
    0.010502295568585396,
    0.011751381680369377,
    0.012324663810431957,
    0.010369092226028442,
    0.021578563377261162,
    0.014750749804079533,
    0.015920286998152733,
    0.017650220543146133,
