{
  "test_accuracies": [
    0.8280000686645508
  ],
  "train_accuracies": [
    0.16428571939468384,
    0.23571428656578064,
    0.3571428656578064,
    0.44999998807907104,
    0.5428571701049805,
    0.550000011920929,
    0.5571428537368774,
    0.6000000238418579,
    0.6428571343421936,
    0.699999988079071,
    0.6499999761581421,
    0.7071428894996643,
    0.735714316368103,
    0.7785714268684387,
    0.7571428418159485,
    0.7071428894996643,
    0.7857142686843872,
    0.7928571701049805,
    0.8357142806053162,
    0.8428571224212646,
    0.8642857074737549,
    0.8571428656578064,
    0.800000011920929,
    0.8785714507102966,
    0.8642857074737549,
    0.8999999761581421,
    0.9071428775787354,
    0.8785714507102966,
    0.8928571343421936,
    0.8571428656578064,
    0.9428571462631226,
    0.8857142925262451,
    0.8928571343421936,
    0.8642857074737549,
    0.8571428656578064,
    0.9071428775787354,
    0.8999999761581421,
    0.9642857313156128,
    0.9214285612106323,
    0.9428571462631226,
    0.9428571462631226,
    0.9642857313156128,
    0.9285714626312256,
    0.949999988079071,
    0.9357143044471741,
    0.9571428894996643,
    0.8999999761581421,
    0.949999988079071,
    0.9642857313156128,
    0.9428571462631226,
    0.8928571343421936,
    0.9642857313156128,
    0.9714285731315613,
    0.9428571462631226,
    0.9285714626312256,
    0.9642857313156128,
    0.9642857313156128,
    0.9571428894996643,
    0.949999988079071,
    0.9642857313156128,
    0.9714285731315613,
    0.9714285731315613,
    0.9714285731315613,
    0.9714285731315613,
    0.949999988079071,
    0.9428571462631226,
    0.9642857313156128,
    0.9642857313156128,
    0.9285714626312256,
    0.9357143044471741,
    0.9642857313156128,
    0.9571428894996643,
    0.9642857313156128,
    0.9642857313156128,
    0.9714285731315613,
    0.949999988079071,
    0.9642857313156128,
    0.9714285731315613,
    0.9714285731315613,
    0.9571428894996643,
    0.9571428894996643,
    0.949999988079071,
    0.9642857313156128,
    0.9642857313156128,
    0.9357143044471741,
    0.9785714149475098,
    0.9428571462631226,
    0.9642857313156128,
    0.9285714626312256,
    0.9642857313156128,
    0.9714285731315613,
    0.9642857313156128,
    0.9428571462631226,
    0.9642857313156128,
    0.985714316368103,
    0.9714285731315613,
    0.9714285731315613,
    0.9714285731315613,
    0.985714316368103,
    0.949999988079071,
    0.9428571462631226,
    0.949999988079071,
    0.9642857313156128,
    0.949999988079071,
    0.9714285731315613,
    0.9714285731315613,
    0.9571428894996643,
    0.9714285731315613,
    0.9785714149475098,
    0.9714285731315613,
    0.9642857313156128,
    0.9714285731315613,
    0.9571428894996643,
    0.949999988079071,
    0.9785714149475098,
    0.9642857313156128,
    0.9714285731315613,
    0.949999988079071,
    0.9642857313156128,
    0.9714285731315613,
    0.9571428894996643,
    0.985714316368103,
    0.949999988079071,
    0.9642857313156128,
    0.949999988079071,
    0.9785714149475098,
    0.9714285731315613,
    0.9785714149475098,
    0.9642857313156128,
    0.9785714149475098,
    0.9642857313156128,
    0.9571428894996643,
    0.985714316368103,
    0.9714285731315613,
    0.9642857313156128,
    0.9928571581840515,
    0.985714316368103,
    0.9642857313156128,
    0.9785714149475098,
    0.9714285731315613,
    0.9714285731315613,
    0.9642857313156128,
    0.9928571581840515,
    0.9714285731315613,
    0.9785714149475098,
    0.9714285731315613,
    0.9642857313156128,
    0.9785714149475098,
    0.9785714149475098,
    0.985714316368103,
    0.9642857313156128,
    0.9714285731315613,
    0.9571428894996643,
    0.9428571462631226,
    0.9285714626312256,
    0.9642857313156128,
    0.9642857313156128,
    0.9642857313156128,
    0.9785714149475098,
    0.9714285731315613,
    0.985714316368103,
    0.949999988079071,
    0.9785714149475098,
    0.9714285731315613,
    0.9642857313156128,
    0.9428571462631226,
    0.9642857313156128,
    0.9714285731315613,
    0.9785714149475098,
    0.9714285731315613,
    0.9785714149475098,
    0.9928571581840515,
    0.985714316368103,
    0.949999988079071,
    0.9642857313156128,
    0.9357143044471741,
    0.985714316368103,
    0.9571428894996643,
    0.9714285731315613,
    0.985714316368103,
    0.9642857313156128,
    0.9785714149475098,
    0.9571428894996643,
    0.9642857313156128,
    0.9571428894996643,
    0.9571428894996643,
    0.949999988079071,
    0.985714316368103,
    0.9928571581840515,
    0.985714316368103,
    0.9928571581840515,
    0.9571428894996643,
    0.9642857313156128,
    0.985714316368103,
    0.9785714149475098,
    0.9571428894996643,
    0.9714285731315613,
    0.9785714149475098,
    0.9785714149475098,
    0.9357143044471741
  ],