{
  "test_accuracies": [
    0.8080000281333923
  ],
  "train_accuracies": [
    0.12142857164144516,
    0.2857142984867096,
    0.550000011920929,
    0.5857142806053162,
    0.6714285612106323,
    0.7428571581840515,
    0.7214285731315613,
    0.8071428537368774,
    0.7857142686843872,
    0.8571428656578064,
    0.8214285969734192,
    0.7857142686843872,
    0.7785714268684387,
    0.800000011920929,
    0.8642857074737549,
    0.8571428656578064,
    0.8285714387893677,
    0.7785714268684387,
    0.8714285492897034,
    0.8071428537368774,
    0.8714285492897034,
    0.8714285492897034,
    0.8500000238418579,
    0.8500000238418579,
    0.8142856955528259,
    0.8785714507102966,
    0.8571428656578064,
    0.8714285492897034,
    0.8857142925262451,
    0.8357142806053162,
    0.8642857074737549,
    0.8642857074737549,
    0.800000011920929,
    0.8714285492897034,
    0.9071428775787354,
    0.8285714387893677,
    0.8571428656578064,
    0.8428571224212646,
    0.8785714507102966,
    0.8285714387893677,
    0.8142856955528259,
    0.8642857074737549,
    0.8285714387893677,
    0.8714285492897034,
    0.8428571224212646,
    0.8571428656578064,
    0.8785714507102966,
    0.8285714387893677,
    0.8714285492897034,
    0.7928571701049805,
    0.8714285492897034,
    0.8928571343421936,
    0.8357142806053162,
    0.8428571224212646,
    0.8214285969734192,
    0.8714285492897034,
    0.8571428656578064,
    0.8357142806053162,
    0.8714285492897034,
    0.8714285492897034,
    0.8714285492897034,
    0.8571428656578064,
    0.8785714507102966,
    0.8357142806053162,
    0.8928571343421936,
    0.8714285492897034,
    0.8428571224212646,
    0.8357142806053162,
    0.8500000238418579,
    0.8357142806053162,
    0.8999999761581421,
    0.8214285969734192,
    0.8357142806053162,
    0.8142856955528259,
    0.8714285492897034,
    0.8857142925262451,
    0.8714285492897034,
    0.8142856955528259,
    0.8999999761581421,
    0.8714285492897034,
    0.8428571224212646,
    0.8928571343421936,
    0.8714285492897034,
    0.8428571224212646,
    0.8857142925262451,
    0.8571428656578064,
    0.8285714387893677,
    0.8571428656578064,
    0.8857142925262451,
    0.8642857074737549,
    0.8571428656578064,
    0.8500000238418579,
    0.8357142806053162,
    0.8428571224212646,
    0.8500000238418579,
    0.8571428656578064,
    0.8785714507102966,
    0.8857142925262451,
    0.8714285492897034,
    0.8928571343421936,
    0.8999999761581421,
    0.8214285969734192,
    0.8571428656578064,
    0.8285714387893677,
    0.8928571343421936,
    0.800000011920929,
    0.8928571343421936,
    0.8785714507102966,
    0.8357142806053162,
    0.8785714507102966,
    0.8928571343421936,
    0.8571428656578064,
    0.8857142925262451,
    0.8857142925262451,
    0.8785714507102966,
    0.8714285492897034,
    0.8714285492897034,
    0.8928571343421936,
    0.8571428656578064,
    0.8999999761581421,
    0.8928571343421936,
    0.9428571462631226,
    0.8642857074737549,
    0.8571428656578064,
    0.9142857193946838,
    0.8357142806053162,
    0.8642857074737549,
    0.8428571224212646,
    0.9357143044471741,
    0.8785714507102966,
    0.8999999761581421,
    0.8785714507102966,
    0.8642857074737549,
    0.8714285492897034,
    0.8785714507102966,
    0.8571428656578064,
    0.9071428775787354,
    0.8642857074737549,
    0.800000011920929,
    0.9071428775787354,
    0.8357142806053162,
    0.8571428656578064,
    0.9214285612106323,
    0.8500000238418579,
    0.9142857193946838,
    0.9142857193946838,
    0.9071428775787354,
    0.8999999761581421,
    0.8785714507102966,
    0.8785714507102966,
    0.9214285612106323,
    0.8571428656578064,
    0.8999999761581421,
    0.8642857074737549,
    0.8428571224212646,
    0.8999999761581421,
    0.8642857074737549,
    0.8571428656578064,
    0.9214285612106323,
    0.8571428656578064,
    0.8999999761581421,
    0.9142857193946838,
    0.9071428775787354,
    0.8714285492897034,
    0.8999999761581421,
    0.8428571224212646,
    0.8428571224212646,
    0.9071428775787354,
    0.8714285492897034,
    0.8571428656578064,
    0.8785714507102966,
    0.9142857193946838,
    0.8500000238418579,
    0.8857142925262451,
    0.8642857074737549,
    0.8857142925262451,
    0.8928571343421936,
    0.8500000238418579,
    0.8571428656578064,
    0.8714285492897034,
    0.8714285492897034,
    0.8642857074737549,
    0.8857142925262451,
    0.8928571343421936,
    0.8785714507102966,
    0.8571428656578064,
    0.8714285492897034,
    0.8857142925262451,
    0.9071428775787354,
    0.8571428656578064,
    0.8285714387893677,
    0.8857142925262451,
    0.8928571343421936,
    0.8785714507102966,
    0.8928571343421936,
    0.8642857074737549,
    0.8785714507102966,
    0.8642857074737549,
    0.8357142806053162,
    0.9071428775787354
  ],