{
  "test_aucs": [
    0.9034814513428558
  ],
  "test_average_precisions": [
    0.9058767051396693
  ],
  "train_losses": [
    0.673715353012085,
    1.5043450593948364,
    0.6357684135437012,
    0.7026551365852356,
    0.6917256712913513,
    0.660223126411438,
    0.650907039642334,
    0.6447222232818604,
    0.639815092086792,
    0.6309583783149719,
    0.624202311038971,
    0.6124381422996521,
    0.6015198230743408,
    0.5886209607124329,
    0.5812329649925232,
    0.5776830315589905,
    0.5671921968460083,
    0.5622896552085876,
    0.5586016774177551,
    0.5405136346817017,
    0.5293185114860535,
    0.5215362310409546,
    0.5163055658340454,
    0.5106478333473206,
    0.5061952471733093,
    0.5032365918159485,
    0.5032338500022888,
    0.4998457133769989,
    0.4936119019985199,
    0.5006541609764099,
    0.48762246966362,
    0.4865794777870178,
    0.4861833155155182,
    0.48309677839279175,
    0.48567771911621094,
    0.4760696291923523,
    0.4781264364719391,
    0.47590699791908264,
    0.46661365032196045,
    0.4741787314414978,
    0.467622309923172,
    0.46362701058387756,
    0.4627646207809448,
    0.4691554605960846,
    0.4643910229206085,
    0.4658297598361969,
    0.4536832571029663,
    0.4614439308643341,
    0.4566643238067627,
    0.46191465854644775,
    0.4536552131175995,
    0.4525187313556671,
    0.4514230191707611,
    0.45042359828948975,
    0.4525984525680542,
    0.44875261187553406,
    0.4572943150997162,
    0.45851099491119385,
    0.45097216963768005,
    0.44708940386772156,
    0.45332494378089905,
    0.4517439007759094,
    0.4500493109226227,
    0.45251309871673584,
    0.4428999125957489,
    0.44556549191474915,
    0.45138049125671387,
    0.4457363784313202,
    0.44499680399894714,
    0.44950181245803833,
    0.4447011649608612,
    0.43946829438209534,
    0.44309645891189575,
    0.4476894736289978,
    0.4431685209274292,
    0.4464572072029114,
    0.43681299686431885,
    0.4400074779987335,
    0.4395115375518799,
    0.43953558802604675,
    0.4370458126068115,
    0.4334179162979126,
    0.43590933084487915,
    0.43117478489875793,
    0.4399200975894928,
    0.428783118724823,
    0.4346209466457367,
    0.43722325563430786,
    0.4275311231613159,
    0.4359148144721985,
    0.4290634095668793,
    0.4407205581665039,
    0.42547744512557983,
    0.43000805377960205,
    0.42430803179740906,
    0.4277753531932831,
    0.4287732243537903,
    0.42790359258651733,
    0.4222826063632965,
    0.432332843542099,
    0.42002809047698975,
    0.42504289746284485,
    0.42720410227775574,
    0.4275374412536621,
    0.4258175790309906,
    0.4292745292186737,
    0.4190034568309784,
    0.4248559772968292,
    0.42348819971084595,
    0.4249282777309418,
    0.4209146499633789,
    0.4238618314266205,
    0.42468565702438354,
    0.42490777373313904,
    0.42737844586372375,
    0.42512109875679016,
    0.4133084714412689,
    0.42801451683044434,
    0.42250296473503113,
    0.4177912473678589,
    0.4297046661376953,
    0.41921260952949524,
    0.4174371063709259,
    0.41724368929862976,
    0.4252365231513977,
    0.42569413781166077,
    0.4170958697795868,
    0.41778281331062317,
    0.4240811765193939,
    0.41362109780311584,
    0.4197666645050049,
    0.41730257868766785,
    0.42705899477005005,
    0.41365334391593933,
    0.4195246398448944,
    0.4167689085006714,
    0.410981684923172,
    0.4127521216869354,
    0.4130294620990753,
    0.4190729260444641,
    0.41159942746162415,
    0.4128401577472687,
    0.4199930429458618,
    0.4164777994155884,
    0.41333645582199097,
    0.41829073429107666,
    0.4110028147697449,
    0.4164157211780548,
    0.4237610995769501,
    0.42001253366470337,
    0.4146158993244171,
    0.41525551676750183,
    0.4165322780609131,
    0.4200461506843567,
    0.4137083888053894,
    0.4147728383541107,
    0.4171351492404938,
    0.4118650555610657,
    0.40654247999191284,
    0.41095104813575745,
    0.4189266562461853,
    0.41670751571655273,
    0.41613373160362244,
    0.41132938861846924,
    0.41379034519195557,
    0.41175785660743713,
    0.41961726546287537,
    0.4128097593784332,
    0.4123512804508209,
    0.4068397581577301,
    0.4209851920604706,
    0.4114495813846588,
    0.41014164686203003,
    0.41317427158355713,
    0.41401493549346924,
    0.4112224578857422,
    0.4150581359863281,
    0.406933456659317,
    0.40559616684913635,
    0.40401652455329895,
    0.4045834243297577,
    0.41232380270957947,
    0.4070053696632385,
    0.41452884674072266,
    0.412641316652298,
    0.41471338272094727,
    0.4114057123661041,
    0.4086783826351166,
    0.42016667127609253,
    0.4144148826599121,
    0.41306421160697937,
    0.40800389647483826,
    0.4063316881656647,
    0.4108559787273407,
    0.4150017499923706,
    0.40168246626853943,
    0.40573784708976746,
    0.40888461470603943,
    0.4148836135864258,
    0.414339542388916
  ],