{
  "test_accuracies": [
    0.7910000085830688
  ],
  "train_accuracies": [
    0.13571429252624512,
    0.5571428537368774,
    0.6571428775787354,
    0.8571428656578064,
    0.7785714268684387,
    0.8999999761581421,
    0.9214285612106323,
    0.9071428775787354,
    0.9642857313156128,
    0.949999988079071,
    0.9642857313156128,
    0.9714285731315613,
    0.9785714149475098,
    0.9642857313156128,
    0.9928571581840515,
    0.9928571581840515,
    0.9928571581840515,
    0.9928571581840515,
    0.985714316368103,
    0.985714316368103,
    1.0,
    0.985714316368103,
    1.0,
    1.0,
    0.985714316368103,
    1.0,
    0.9928571581840515,
    1.0,
    1.0,
    1.0,
    0.9928571581840515,
    0.9928571581840515,
    1.0,
    1.0,
    0.9928571581840515,
    1.0,
    0.9928571581840515,
    0.9928571581840515,
    1.0,
    1.0,
    1.0,
    1.0,
    1.0,
    1.0,
    1.0,
    1.0,
    0.9928571581840515,
    1.0,
    1.0,
    1.0,
    1.0,
    1.0,
    1.0,
    1.0,
    1.0,
    1.0,
    1.0,
    1.0,
    1.0,
    1.0,
    1.0,
    1.0,
    1.0,
    1.0,
    1.0,
    1.0,
    1.0,
    1.0,
    1.0,
    1.0,
    1.0,
    1.0,
    1.0,
    1.0,
    1.0,
    1.0,
    1.0,
    1.0,
    1.0,
    1.0,
    1.0,
    1.0,
    1.0,
    1.0,
    1.0,
    1.0,
    0.9928571581840515,
    1.0,
    1.0,
    1.0,
    0.9928571581840515,
    1.0,
    1.0,
    1.0,
    1.0,
    1.0,
    1.0,
    1.0,
    1.0,
    0.9928571581840515,
    0.9928571581840515,
    0.9928571581840515,
    1.0,
    1.0,
    0.9928571581840515,
    1.0,
    1.0,
    1.0,
    0.985714316368103,
    1.0,
    1.0,
    1.0,
    1.0,
    1.0,
    1.0,
    1.0,
    1.0,
    1.0,
    1.0,
    1.0,
    1.0,
    1.0,
    1.0,
    1.0,
    1.0,
    1.0,
    1.0,
    1.0,
    1.0,
    1.0,
    1.0,
    1.0,
    1.0,
    1.0,
    1.0,
    1.0,
    0.9928571581840515,
    1.0,
    1.0,
    1.0,
    1.0,
    1.0,
    1.0,
    1.0,
    0.9928571581840515,
    1.0,
    1.0,
    1.0,
    1.0,
    1.0,
    1.0,
    1.0,
    1.0,
    1.0,
    1.0,
    1.0,
    1.0,
    1.0,
    1.0,
    1.0,
    1.0,
    1.0,
    1.0,
    1.0,
    1.0,
    1.0,
    1.0,
    1.0,
    1.0,
    0.9928571581840515,
    1.0,
    1.0,
    1.0,
    1.0,
    1.0,
    1.0,
    0.985714316368103,
    1.0,
    1.0,
    0.9928571581840515,
    1.0,
    1.0,
    1.0,
    1.0,
    1.0,
    0.9928571581840515,
    1.0,
    1.0,
    1.0,
    1.0,
    1.0,
    1.0,
    1.0,
    1.0,
    1.0,
    1.0,
    1.0,
    1.0,
    1.0,
    1.0
  ],
  "train_losses": [
    1.940359115600586,
    1.8759068250656128,
    1.7620725631713867,
    1.5458403825759888,
    1.3558158874511719,
    0.9583924412727356,
    0.6462348103523254,
    0.49401527643203735,
    0.2814168930053711,
    0.23049713671207428,
    0.13934461772441864,
    0.12596583366394043,
    0.07444235682487488,
    0.07091032713651657,
    0.03679663687944412,
    0.03750462830066681,
    0.03736386448144913,
    0.026556696742773056,
    0.04409665986895561,
    0.05689208582043648,
    0.010235670953989029,
    0.04375511407852173,
    0.010779793374240398,
    0.008297324180603027,
    0.03289018198847771,
    0.007632174529135227,
    0.018480779603123665,
    0.007748529780656099,
    0.007685266435146332,
    0.0032796133309602737,
    0.013786736875772476,
    0.03796466812491417,
    0.005412800703197718,
    0.003951241262257099,
    0.008944647386670113,
    0.002381787868216634,
    0.023781228810548782,
    0.007391218561679125,
    0.0025236723013222218,
    0.002142693381756544,
    0.006881873123347759,
    0.00719987228512764,
    0.0035141233820468187,
    0.002072111703455448,
    0.002943800063803792,
    0.010399912483990192,
    0.009214533492922783,
    0.005308845546096563,
    0.006277696695178747,
    0.007588336244225502,
    0.0028179872315376997,
    0.005449722521007061,
    0.002526131458580494,
    0.004522935952991247,
    0.006990090478211641,
    0.002913235453888774,
    0.003537586657330394,
    0.0030243219807744026,
    0.00634018937125802,
    0.003985516726970673,
    0.00599280372262001,
    0.0022917459718883038,
    0.0026328323874622583,
    0.004899487365037203,
    0.008440808393061161,
    0.003666485659778118,
    0.0050305589102208614,
    0.0035106244031339884,
    0.004445976112037897,
    0.002669392852112651,
    0.007625324185937643,
    0.004457283299416304,
    0.003012762637808919,
    0.005278052296489477,
    0.004842710215598345,
    0.0045031048357486725,
    0.004983277525752783,
    0.006235331296920776,
    0.004227686207741499,
    0.004124742466956377,
    0.0036317994818091393,
    0.004002150148153305,
    0.002928508212789893,
    0.005260354373604059,
    0.007755185943096876,
    0.006198199465870857,
    0.008780132047832012,
    0.0038586067967116833,
    0.00384506699629128,
    0.00593233946710825,
    0.016351213678717613,
    0.007336113136261702,
    0.0030213508289307356,
    0.003765761386603117,
    0.00476952875033021,
    0.004599606618285179,
    0.007980925031006336,
    0.017707770690321922,
    0.0057987854816019535,
    0.02450697124004364,
    0.02172265574336052,
    0.020938042551279068,
    0.010494180023670197,
    0.011825046502053738,
    0.014665389433503151,
    0.014623218216001987,
    0.016156954690814018,
    0.008121341466903687,
    0.02834390103816986,
    0.009333222173154354,
    0.004676870536059141,
    0.005265016574412584,
    0.006732444744557142,
    0.010226670652627945,
    0.00595560809597373,
    0.005265285260975361,
    0.005799923092126846,
    0.007752095814794302,
    0.00734438793733716,
    0.00708356685936451,
    0.006689182948321104,
    0.006991690956056118,
    0.0076999240554869175,
    0.004184920806437731,
    0.0023756378795951605,
    0.006129029206931591,
    0.005357773974537849,
    0.003277712734416127,
    0.0034068182576447725,
    0.009614784270524979,
    0.0027197052258998156,
    0.002141029806807637,
    0.002905924804508686,
    0.004160859622061253,
    0.006623281165957451,
    0.006160312797874212,
    0.009744602255523205,
    0.007230476010590792,
    0.00640617311000824,
    0.0170232392847538,
    0.003959499765187502,
    0.006614797282963991,
    0.007879781536757946,
    0.00809596385806799,
    0.010165694169700146,
    0.004093150608241558,
    0.0059110550209879875,
    0.004226963501423597,
    0.0032403776422142982,
    0.006416719406843185,
    0.0025481591001152992,
    0.002428100910037756,
    0.0030410168692469597,
    0.007209217641502619,
    0.003019192721694708,
    0.0059389821253716946,
    0.002058936981484294,
    0.006462649442255497,
    0.00334406946785748,
    0.004341475665569305,
    0.005112224258482456,
    0.003941006492823362,
    0.0035656020045280457,
    0.0027262161020189524,
    0.003302995814010501,
    0.004987097345292568,
    0.003980092704296112,
    0.005561905447393656,
    0.004030031617730856,
    0.012022288516163826,
    0.0074563901871442795,
    0.002047016052529216,
    0.004382533021271229,
    0.007609787862747908,
    0.007276731077581644,
    0.004313943907618523,
    0.03214186057448387,
    0.0045614950358867645,
    0.009126509539783001,
    0.0170001033693552,
    0.004382869228720665,
    0.0063696205615997314,
    0.007599278818815947,
    0.015871083363890648,
    0.010216819122433662,
    0.01517002284526825,
    0.006908101495355368,
    0.011256104335188866,
    0.008626970462501049,
    0.0073571340180933475,
    0.007006825879216194,
    0.008798090741038322,
    0.0065763238817453384,
    0.006004375871270895,
    0.006714996881783009,
    0.005684103351086378,
    0.0033666936215013266,
    0.007648072205483913,
    0.0036603324115276337,
    0.0054641165770590305
  ],